task	chunk	seed	run_name	opt_seed	mol_path
0	0	0	qm9dense_c0_0	2000000000	/scratch/mk8347/data/crystal_datasets/conditional/priors/qm9_cluster_mols_chunk0.pt
1	0	1	qm9dense_c0_1	2001000000	/scratch/mk8347/data/crystal_datasets/conditional/priors/qm9_cluster_mols_chunk0.pt
2	0	2	qm9dense_c0_2	2002000000	/scratch/mk8347/data/crystal_datasets/conditional/priors/qm9_cluster_mols_chunk0.pt
3	0	3	qm9dense_c0_3	2003000000	/scratch/mk8347/data/crystal_datasets/conditional/priors/qm9_cluster_mols_chunk0.pt
4	1	0	qm9dense_c1_0	2100000000	/scratch/mk8347/data/crystal_datasets/conditional/priors/qm9_cluster_mols_chunk1.pt
5	1	1	qm9dense_c1_1	2101000000	/scratch/mk8347/data/crystal_datasets/conditional/priors/qm9_cluster_mols_chunk1.pt
6	1	2	qm9dense_c1_2	2102000000	/scratch/mk8347/data/crystal_datasets/conditional/priors/qm9_cluster_mols_chunk1.pt
7	1	3	qm9dense_c1_3	2103000000	/scratch/mk8347/data/crystal_datasets/conditional/priors/qm9_cluster_mols_chunk1.pt
8	2	0	qm9dense_c2_0	2200000000	/scratch/mk8347/data/crystal_datasets/conditional/priors/qm9_cluster_mols_chunk2.pt
9	2	1	qm9dense_c2_1	2201000000	/scratch/mk8347/data/crystal_datasets/conditional/priors/qm9_cluster_mols_chunk2.pt
10	2	2	qm9dense_c2_2	2202000000	/scratch/mk8347/data/crystal_datasets/conditional/priors/qm9_cluster_mols_chunk2.pt
11	2	3	qm9dense_c2_3	2203000000	/scratch/mk8347/data/crystal_datasets/conditional/priors/qm9_cluster_mols_chunk2.pt
12	3	0	qm9dense_c3_0	2300000000	/scratch/mk8347/data/crystal_datasets/conditional/priors/qm9_cluster_mols_chunk3.pt
13	3	1	qm9dense_c3_1	2301000000	/scratch/mk8347/data/crystal_datasets/conditional/priors/qm9_cluster_mols_chunk3.pt
14	3	2	qm9dense_c3_2	2302000000	/scratch/mk8347/data/crystal_datasets/conditional/priors/qm9_cluster_mols_chunk3.pt
15	3	3	qm9dense_c3_3	2303000000	/scratch/mk8347/data/crystal_datasets/conditional/priors/qm9_cluster_mols_chunk3.pt
16	0	4	qm9dense_c0_4	2004000000	/scratch/mk8347/data/crystal_datasets/conditional/priors/qm9_cluster_mols_chunk0.pt
17	0	5	qm9dense_c0_5	2005000000	/scratch/mk8347/data/crystal_datasets/conditional/priors/qm9_cluster_mols_chunk0.pt
18	0	6	qm9dense_c0_6	2006000000	/scratch/mk8347/data/crystal_datasets/conditional/priors/qm9_cluster_mols_chunk0.pt
19	0	7	qm9dense_c0_7	2007000000	/scratch/mk8347/data/crystal_datasets/conditional/priors/qm9_cluster_mols_chunk0.pt
20	0	8	qm9dense_c0_8	2008000000	/scratch/mk8347/data/crystal_datasets/conditional/priors/qm9_cluster_mols_chunk0.pt
21	0	9	qm9dense_c0_9	2009000000	/scratch/mk8347/data/crystal_datasets/conditional/priors/qm9_cluster_mols_chunk0.pt
22	0	10	qm9dense_c0_10	2010000000	/scratch/mk8347/data/crystal_datasets/conditional/priors/qm9_cluster_mols_chunk0.pt
23	0	11	qm9dense_c0_11	2011000000	/scratch/mk8347/data/crystal_datasets/conditional/priors/qm9_cluster_mols_chunk0.pt
24	0	12	qm9dense_c0_12	2012000000	/scratch/mk8347/data/crystal_datasets/conditional/priors/qm9_cluster_mols_chunk0.pt
25	0	13	qm9dense_c0_13	2013000000	/scratch/mk8347/data/crystal_datasets/conditional/priors/qm9_cluster_mols_chunk0.pt
26	0	14	qm9dense_c0_14	2014000000	/scratch/mk8347/data/crystal_datasets/conditional/priors/qm9_cluster_mols_chunk0.pt
27	0	15	qm9dense_c0_15	2015000000	/scratch/mk8347/data/crystal_datasets/conditional/priors/qm9_cluster_mols_chunk0.pt
28	0	16	qm9dense_c0_16	2016000000	/scratch/mk8347/data/crystal_datasets/conditional/priors/qm9_cluster_mols_chunk0.pt
29	0	17	qm9dense_c0_17	2017000000	/scratch/mk8347/data/crystal_datasets/conditional/priors/qm9_cluster_mols_chunk0.pt
30	0	18	qm9dense_c0_18	2018000000	/scratch/mk8347/data/crystal_datasets/conditional/priors/qm9_cluster_mols_chunk0.pt
31	0	19	qm9dense_c0_19	2019000000	/scratch/mk8347/data/crystal_datasets/conditional/priors/qm9_cluster_mols_chunk0.pt
