task	chunk	seed	molecules	starts	relaxations	run_name	opt_seed	mol_path
0	0	0	195	20	3900	qm9full_c0_0	3000000000	/scratch/mk8347/data/crystal_datasets/conditional/priors/qm9_cluster_mols_chunk0.pt
1	0	1	195	60	11700	qm9full_c0_1	3001000000	/scratch/mk8347/data/crystal_datasets/conditional/priors/qm9_cluster_mols_chunk0.pt
2	0	2	195	60	11700	qm9full_c0_2	3002000000	/scratch/mk8347/data/crystal_datasets/conditional/priors/qm9_cluster_mols_chunk0.pt
3	0	3	195	60	11700	qm9full_c0_3	3003000000	/scratch/mk8347/data/crystal_datasets/conditional/priors/qm9_cluster_mols_chunk0.pt
4	1	0	195	20	3900	qm9full_c1_0	3100000000	/scratch/mk8347/data/crystal_datasets/conditional/priors/qm9_cluster_mols_chunk1.pt
5	2	0	195	20	3900	qm9full_c2_0	3200000000	/scratch/mk8347/data/crystal_datasets/conditional/priors/qm9_cluster_mols_chunk2.pt
6	3	0	195	20	3900	qm9full_c3_0	3300000000	/scratch/mk8347/data/crystal_datasets/conditional/priors/qm9_cluster_mols_chunk3.pt
7	4	0	195	20	3900	qm9full_c4_0	3400000000	/scratch/mk8347/data/crystal_datasets/conditional/priors/qm9_cluster_mols_chunk4.pt
8	5	0	195	20	3900	qm9full_c5_0	3500000000	/scratch/mk8347/data/crystal_datasets/conditional/priors/qm9_cluster_mols_chunk5.pt
9	6	0	195	20	3900	qm9full_c6_0	3600000000	/scratch/mk8347/data/crystal_datasets/conditional/priors/qm9_cluster_mols_chunk6.pt
10	7	0	195	20	3900	qm9full_c7_0	3700000000	/scratch/mk8347/data/crystal_datasets/conditional/priors/qm9_cluster_mols_chunk7.pt
11	8	0	195	20	3900	qm9full_c8_0	3800000000	/scratch/mk8347/data/crystal_datasets/conditional/priors/qm9_cluster_mols_chunk8.pt
12	9	0	195	20	3900	qm9full_c9_0	3900000000	/scratch/mk8347/data/crystal_datasets/conditional/priors/qm9_cluster_mols_chunk9.pt
13	10	0	195	20	3900	qm9full_c10_0	4000000000	/scratch/mk8347/data/crystal_datasets/conditional/priors/qm9_cluster_mols_chunk10.pt
14	11	0	195	20	3900	qm9full_c11_0	4100000000	/scratch/mk8347/data/crystal_datasets/conditional/priors/qm9_cluster_mols_chunk11.pt
15	12	0	195	20	3900	qm9full_c12_0	4200000000	/scratch/mk8347/data/crystal_datasets/conditional/priors/qm9_cluster_mols_chunk12.pt
16	13	0	195	20	3900	qm9full_c13_0	4300000000	/scratch/mk8347/data/crystal_datasets/conditional/priors/qm9_cluster_mols_chunk13.pt
17	14	0	195	20	3900	qm9full_c14_0	4400000000	/scratch/mk8347/data/crystal_datasets/conditional/priors/qm9_cluster_mols_chunk14.pt
18	15	0	195	20	3900	qm9full_c15_0	4500000000	/scratch/mk8347/data/crystal_datasets/conditional/priors/qm9_cluster_mols_chunk15.pt
19	16	0	195	20	3900	qm9full_c16_0	4600000000	/scratch/mk8347/data/crystal_datasets/conditional/priors/qm9_cluster_mols_chunk16.pt
20	17	0	195	20	3900	qm9full_c17_0	4700000000	/scratch/mk8347/data/crystal_datasets/conditional/priors/qm9_cluster_mols_chunk17.pt
21	18	0	195	20	3900	qm9full_c18_0	4800000000	/scratch/mk8347/data/crystal_datasets/conditional/priors/qm9_cluster_mols_chunk18.pt
22	19	0	195	20	3900	qm9full_c19_0	4900000000	/scratch/mk8347/data/crystal_datasets/conditional/priors/qm9_cluster_mols_chunk19.pt
23	20	0	195	20	3900	qm9full_c20_0	5000000000	/scratch/mk8347/data/crystal_datasets/conditional/priors/qm9_cluster_mols_chunk20.pt
24	21	0	195	20	3900	qm9full_c21_0	5100000000	/scratch/mk8347/data/crystal_datasets/conditional/priors/qm9_cluster_mols_chunk21.pt
25	22	0	195	20	3900	qm9full_c22_0	5200000000	/scratch/mk8347/data/crystal_datasets/conditional/priors/qm9_cluster_mols_chunk22.pt
26	23	0	195	20	3900	qm9full_c23_0	5300000000	/scratch/mk8347/data/crystal_datasets/conditional/priors/qm9_cluster_mols_chunk23.pt
27	24	0	195	20	3900	qm9full_c24_0	5400000000	/scratch/mk8347/data/crystal_datasets/conditional/priors/qm9_cluster_mols_chunk24.pt
28	25	0	195	20	3900	qm9full_c25_0	5500000000	/scratch/mk8347/data/crystal_datasets/conditional/priors/qm9_cluster_mols_chunk25.pt
29	26	0	195	20	3900	qm9full_c26_0	5600000000	/scratch/mk8347/data/crystal_datasets/conditional/priors/qm9_cluster_mols_chunk26.pt
30	27	0	195	20	3900	qm9full_c27_0	5700000000	/scratch/mk8347/data/crystal_datasets/conditional/priors/qm9_cluster_mols_chunk27.pt
31	28	0	195	20	3900	qm9full_c28_0	5800000000	/scratch/mk8347/data/crystal_datasets/conditional/priors/qm9_cluster_mols_chunk28.pt
32	29	0	195	20	3900	qm9full_c29_0	5900000000	/scratch/mk8347/data/crystal_datasets/conditional/priors/qm9_cluster_mols_chunk29.pt
33	30	0	195	20	3900	qm9full_c30_0	6000000000	/scratch/mk8347/data/crystal_datasets/conditional/priors/qm9_cluster_mols_chunk30.pt
34	31	0	195	20	3900	qm9full_c31_0	6100000000	/scratch/mk8347/data/crystal_datasets/conditional/priors/qm9_cluster_mols_chunk31.pt
35	32	0	195	20	3900	qm9full_c32_0	6200000000	/scratch/mk8347/data/crystal_datasets/conditional/priors/qm9_cluster_mols_chunk32.pt
36	33	0	195	20	3900	qm9full_c33_0	6300000000	/scratch/mk8347/data/crystal_datasets/conditional/priors/qm9_cluster_mols_chunk33.pt
37	34	0	195	20	3900	qm9full_c34_0	6400000000	/scratch/mk8347/data/crystal_datasets/conditional/priors/qm9_cluster_mols_chunk34.pt
38	35	0	195	20	3900	qm9full_c35_0	6500000000	/scratch/mk8347/data/crystal_datasets/conditional/priors/qm9_cluster_mols_chunk35.pt
39	36	0	195	20	3900	qm9full_c36_0	6600000000	/scratch/mk8347/data/crystal_datasets/conditional/priors/qm9_cluster_mols_chunk36.pt
40	37	0	195	20	3900	qm9full_c37_0	6700000000	/scratch/mk8347/data/crystal_datasets/conditional/priors/qm9_cluster_mols_chunk37.pt
41	38	0	195	20	3900	qm9full_c38_0	6800000000	/scratch/mk8347/data/crystal_datasets/conditional/priors/qm9_cluster_mols_chunk38.pt
42	39	0	195	20	3900	qm9full_c39_0	6900000000	/scratch/mk8347/data/crystal_datasets/conditional/priors/qm9_cluster_mols_chunk39.pt
43	40	0	195	20	3900	qm9full_c40_0	7000000000	/scratch/mk8347/data/crystal_datasets/conditional/priors/qm9_cluster_mols_chunk40.pt
44	41	0	195	20	3900	qm9full_c41_0	7100000000	/scratch/mk8347/data/crystal_datasets/conditional/priors/qm9_cluster_mols_chunk41.pt
45	42	0	195	20	3900	qm9full_c42_0	7200000000	/scratch/mk8347/data/crystal_datasets/conditional/priors/qm9_cluster_mols_chunk42.pt
46	43	0	195	20	3900	qm9full_c43_0	7300000000	/scratch/mk8347/data/crystal_datasets/conditional/priors/qm9_cluster_mols_chunk43.pt
47	44	0	195	20	3900	qm9full_c44_0	7400000000	/scratch/mk8347/data/crystal_datasets/conditional/priors/qm9_cluster_mols_chunk44.pt
48	45	0	195	20	3900	qm9full_c45_0	7500000000	/scratch/mk8347/data/crystal_datasets/conditional/priors/qm9_cluster_mols_chunk45.pt
49	46	0	195	20	3900	qm9full_c46_0	7600000000	/scratch/mk8347/data/crystal_datasets/conditional/priors/qm9_cluster_mols_chunk46.pt
50	47	0	195	20	3900	qm9full_c47_0	7700000000	/scratch/mk8347/data/crystal_datasets/conditional/priors/qm9_cluster_mols_chunk47.pt
51	48	0	195	20	3900	qm9full_c48_0	7800000000	/scratch/mk8347/data/crystal_datasets/conditional/priors/qm9_cluster_mols_chunk48.pt
52	49	0	195	20	3900	qm9full_c49_0	7900000000	/scratch/mk8347/data/crystal_datasets/conditional/priors/qm9_cluster_mols_chunk49.pt
53	50	0	780	10	7800	qm9full_c50_0	8000000000	/scratch/mk8347/data/crystal_datasets/conditional/priors/qm9_cluster_mols_chunk50.pt
54	51	0	780	10	7800	qm9full_c51_0	8100000000	/scratch/mk8347/data/crystal_datasets/conditional/priors/qm9_cluster_mols_chunk51.pt
55	52	0	780	10	7800	qm9full_c52_0	8200000000	/scratch/mk8347/data/crystal_datasets/conditional/priors/qm9_cluster_mols_chunk52.pt
56	53	0	780	10	7800	qm9full_c53_0	8300000000	/scratch/mk8347/data/crystal_datasets/conditional/priors/qm9_cluster_mols_chunk53.pt
57	54	0	780	10	7800	qm9full_c54_0	8400000000	/scratch/mk8347/data/crystal_datasets/conditional/priors/qm9_cluster_mols_chunk54.pt
58	55	0	780	10	7800	qm9full_c55_0	8500000000	/scratch/mk8347/data/crystal_datasets/conditional/priors/qm9_cluster_mols_chunk55.pt
59	56	0	780	10	7800	qm9full_c56_0	8600000000	/scratch/mk8347/data/crystal_datasets/conditional/priors/qm9_cluster_mols_chunk56.pt
60	57	0	780	10	7800	qm9full_c57_0	8700000000	/scratch/mk8347/data/crystal_datasets/conditional/priors/qm9_cluster_mols_chunk57.pt
61	58	0	780	10	7800	qm9full_c58_0	8800000000	/scratch/mk8347/data/crystal_datasets/conditional/priors/qm9_cluster_mols_chunk58.pt
62	59	0	780	10	7800	qm9full_c59_0	8900000000	/scratch/mk8347/data/crystal_datasets/conditional/priors/qm9_cluster_mols_chunk59.pt
63	60	0	780	10	7800	qm9full_c60_0	9000000000	/scratch/mk8347/data/crystal_datasets/conditional/priors/qm9_cluster_mols_chunk60.pt
64	61	0	780	10	7800	qm9full_c61_0	9100000000	/scratch/mk8347/data/crystal_datasets/conditional/priors/qm9_cluster_mols_chunk61.pt
65	62	0	780	10	7800	qm9full_c62_0	9200000000	/scratch/mk8347/data/crystal_datasets/conditional/priors/qm9_cluster_mols_chunk62.pt
66	63	0	780	10	7800	qm9full_c63_0	9300000000	/scratch/mk8347/data/crystal_datasets/conditional/priors/qm9_cluster_mols_chunk63.pt
67	64	0	780	10	7800	qm9full_c64_0	9400000000	/scratch/mk8347/data/crystal_datasets/conditional/priors/qm9_cluster_mols_chunk64.pt
68	65	0	780	10	7800	qm9full_c65_0	9500000000	/scratch/mk8347/data/crystal_datasets/conditional/priors/qm9_cluster_mols_chunk65.pt
69	66	0	780	10	7800	qm9full_c66_0	9600000000	/scratch/mk8347/data/crystal_datasets/conditional/priors/qm9_cluster_mols_chunk66.pt
70	67	0	780	10	7800	qm9full_c67_0	9700000000	/scratch/mk8347/data/crystal_datasets/conditional/priors/qm9_cluster_mols_chunk67.pt
71	68	0	780	10	7800	qm9full_c68_0	9800000000	/scratch/mk8347/data/crystal_datasets/conditional/priors/qm9_cluster_mols_chunk68.pt
72	69	0	780	10	7800	qm9full_c69_0	9900000000	/scratch/mk8347/data/crystal_datasets/conditional/priors/qm9_cluster_mols_chunk69.pt
73	70	0	780	10	7800	qm9full_c70_0	10000000000	/scratch/mk8347/data/crystal_datasets/conditional/priors/qm9_cluster_mols_chunk70.pt
74	71	0	780	10	7800	qm9full_c71_0	10100000000	/scratch/mk8347/data/crystal_datasets/conditional/priors/qm9_cluster_mols_chunk71.pt
75	72	0	780	10	7800	qm9full_c72_0	10200000000	/scratch/mk8347/data/crystal_datasets/conditional/priors/qm9_cluster_mols_chunk72.pt
76	73	0	780	10	7800	qm9full_c73_0	10300000000	/scratch/mk8347/data/crystal_datasets/conditional/priors/qm9_cluster_mols_chunk73.pt
77	74	0	780	10	7800	qm9full_c74_0	10400000000	/scratch/mk8347/data/crystal_datasets/conditional/priors/qm9_cluster_mols_chunk74.pt
78	75	0	780	10	7800	qm9full_c75_0	10500000000	/scratch/mk8347/data/crystal_datasets/conditional/priors/qm9_cluster_mols_chunk75.pt
79	76	0	780	10	7800	qm9full_c76_0	10600000000	/scratch/mk8347/data/crystal_datasets/conditional/priors/qm9_cluster_mols_chunk76.pt
80	77	0	780	10	7800	qm9full_c77_0	10700000000	/scratch/mk8347/data/crystal_datasets/conditional/priors/qm9_cluster_mols_chunk77.pt
81	78	0	780	10	7800	qm9full_c78_0	10800000000	/scratch/mk8347/data/crystal_datasets/conditional/priors/qm9_cluster_mols_chunk78.pt
82	79	0	780	10	7800	qm9full_c79_0	10900000000	/scratch/mk8347/data/crystal_datasets/conditional/priors/qm9_cluster_mols_chunk79.pt
83	80	0	780	10	7800	qm9full_c80_0	11000000000	/scratch/mk8347/data/crystal_datasets/conditional/priors/qm9_cluster_mols_chunk80.pt
84	81	0	780	10	7800	qm9full_c81_0	11100000000	/scratch/mk8347/data/crystal_datasets/conditional/priors/qm9_cluster_mols_chunk81.pt
85	82	0	780	10	7800	qm9full_c82_0	11200000000	/scratch/mk8347/data/crystal_datasets/conditional/priors/qm9_cluster_mols_chunk82.pt
86	83	0	780	10	7800	qm9full_c83_0	11300000000	/scratch/mk8347/data/crystal_datasets/conditional/priors/qm9_cluster_mols_chunk83.pt
87	84	0	780	10	7800	qm9full_c84_0	11400000000	/scratch/mk8347/data/crystal_datasets/conditional/priors/qm9_cluster_mols_chunk84.pt
88	85	0	780	10	7800	qm9full_c85_0	11500000000	/scratch/mk8347/data/crystal_datasets/conditional/priors/qm9_cluster_mols_chunk85.pt
89	86	0	780	10	7800	qm9full_c86_0	11600000000	/scratch/mk8347/data/crystal_datasets/conditional/priors/qm9_cluster_mols_chunk86.pt
90	87	0	780	10	7800	qm9full_c87_0	11700000000	/scratch/mk8347/data/crystal_datasets/conditional/priors/qm9_cluster_mols_chunk87.pt
91	88	0	780	10	7800	qm9full_c88_0	11800000000	/scratch/mk8347/data/crystal_datasets/conditional/priors/qm9_cluster_mols_chunk88.pt
92	89	0	780	10	7800	qm9full_c89_0	11900000000	/scratch/mk8347/data/crystal_datasets/conditional/priors/qm9_cluster_mols_chunk89.pt
93	90	0	780	10	7800	qm9full_c90_0	12000000000	/scratch/mk8347/data/crystal_datasets/conditional/priors/qm9_cluster_mols_chunk90.pt
94	91	0	780	10	7800	qm9full_c91_0	12100000000	/scratch/mk8347/data/crystal_datasets/conditional/priors/qm9_cluster_mols_chunk91.pt
95	92	0	780	10	7800	qm9full_c92_0	12200000000	/scratch/mk8347/data/crystal_datasets/conditional/priors/qm9_cluster_mols_chunk92.pt
96	93	0	780	10	7800	qm9full_c93_0	12300000000	/scratch/mk8347/data/crystal_datasets/conditional/priors/qm9_cluster_mols_chunk93.pt
97	94	0	780	10	7800	qm9full_c94_0	12400000000	/scratch/mk8347/data/crystal_datasets/conditional/priors/qm9_cluster_mols_chunk94.pt
98	95	0	780	10	7800	qm9full_c95_0	12500000000	/scratch/mk8347/data/crystal_datasets/conditional/priors/qm9_cluster_mols_chunk95.pt
99	96	0	780	10	7800	qm9full_c96_0	12600000000	/scratch/mk8347/data/crystal_datasets/conditional/priors/qm9_cluster_mols_chunk96.pt
100	97	0	780	10	7800	qm9full_c97_0	12700000000	/scratch/mk8347/data/crystal_datasets/conditional/priors/qm9_cluster_mols_chunk97.pt
101	98	0	780	10	7800	qm9full_c98_0	12800000000	/scratch/mk8347/data/crystal_datasets/conditional/priors/qm9_cluster_mols_chunk98.pt
102	99	0	780	10	7800	qm9full_c99_0	12900000000	/scratch/mk8347/data/crystal_datasets/conditional/priors/qm9_cluster_mols_chunk99.pt
103	100	0	780	10	7800	qm9full_c100_0	13000000000	/scratch/mk8347/data/crystal_datasets/conditional/priors/qm9_cluster_mols_chunk100.pt
104	101	0	780	10	7800	qm9full_c101_0	13100000000	/scratch/mk8347/data/crystal_datasets/conditional/priors/qm9_cluster_mols_chunk101.pt
105	102	0	780	10	7800	qm9full_c102_0	13200000000	/scratch/mk8347/data/crystal_datasets/conditional/priors/qm9_cluster_mols_chunk102.pt
106	103	0	780	10	7800	qm9full_c103_0	13300000000	/scratch/mk8347/data/crystal_datasets/conditional/priors/qm9_cluster_mols_chunk103.pt
107	104	0	780	10	7800	qm9full_c104_0	13400000000	/scratch/mk8347/data/crystal_datasets/conditional/priors/qm9_cluster_mols_chunk104.pt
108	105	0	780	10	7800	qm9full_c105_0	13500000000	/scratch/mk8347/data/crystal_datasets/conditional/priors/qm9_cluster_mols_chunk105.pt
109	106	0	780	10	7800	qm9full_c106_0	13600000000	/scratch/mk8347/data/crystal_datasets/conditional/priors/qm9_cluster_mols_chunk106.pt
110	107	0	780	10	7800	qm9full_c107_0	13700000000	/scratch/mk8347/data/crystal_datasets/conditional/priors/qm9_cluster_mols_chunk107.pt
111	108	0	780	10	7800	qm9full_c108_0	13800000000	/scratch/mk8347/data/crystal_datasets/conditional/priors/qm9_cluster_mols_chunk108.pt
112	109	0	780	10	7800	qm9full_c109_0	13900000000	/scratch/mk8347/data/crystal_datasets/conditional/priors/qm9_cluster_mols_chunk109.pt
113	110	0	780	10	7800	qm9full_c110_0	14000000000	/scratch/mk8347/data/crystal_datasets/conditional/priors/qm9_cluster_mols_chunk110.pt
114	111	0	780	10	7800	qm9full_c111_0	14100000000	/scratch/mk8347/data/crystal_datasets/conditional/priors/qm9_cluster_mols_chunk111.pt
115	112	0	780	10	7800	qm9full_c112_0	14200000000	/scratch/mk8347/data/crystal_datasets/conditional/priors/qm9_cluster_mols_chunk112.pt
116	113	0	780	10	7800	qm9full_c113_0	14300000000	/scratch/mk8347/data/crystal_datasets/conditional/priors/qm9_cluster_mols_chunk113.pt
117	114	0	780	10	7800	qm9full_c114_0	14400000000	/scratch/mk8347/data/crystal_datasets/conditional/priors/qm9_cluster_mols_chunk114.pt
118	115	0	780	10	7800	qm9full_c115_0	14500000000	/scratch/mk8347/data/crystal_datasets/conditional/priors/qm9_cluster_mols_chunk115.pt
119	116	0	780	10	7800	qm9full_c116_0	14600000000	/scratch/mk8347/data/crystal_datasets/conditional/priors/qm9_cluster_mols_chunk116.pt
120	117	0	780	10	7800	qm9full_c117_0	14700000000	/scratch/mk8347/data/crystal_datasets/conditional/priors/qm9_cluster_mols_chunk117.pt
121	118	0	780	10	7800	qm9full_c118_0	14800000000	/scratch/mk8347/data/crystal_datasets/conditional/priors/qm9_cluster_mols_chunk118.pt
122	119	0	780	10	7800	qm9full_c119_0	14900000000	/scratch/mk8347/data/crystal_datasets/conditional/priors/qm9_cluster_mols_chunk119.pt
123	120	0	780	10	7800	qm9full_c120_0	15000000000	/scratch/mk8347/data/crystal_datasets/conditional/priors/qm9_cluster_mols_chunk120.pt
124	121	0	780	10	7800	qm9full_c121_0	15100000000	/scratch/mk8347/data/crystal_datasets/conditional/priors/qm9_cluster_mols_chunk121.pt
125	122	0	780	10	7800	qm9full_c122_0	15200000000	/scratch/mk8347/data/crystal_datasets/conditional/priors/qm9_cluster_mols_chunk122.pt
126	123	0	780	10	7800	qm9full_c123_0	15300000000	/scratch/mk8347/data/crystal_datasets/conditional/priors/qm9_cluster_mols_chunk123.pt
127	124	0	780	10	7800	qm9full_c124_0	15400000000	/scratch/mk8347/data/crystal_datasets/conditional/priors/qm9_cluster_mols_chunk124.pt
128	125	0	780	10	7800	qm9full_c125_0	15500000000	/scratch/mk8347/data/crystal_datasets/conditional/priors/qm9_cluster_mols_chunk125.pt
129	126	0	780	10	7800	qm9full_c126_0	15600000000	/scratch/mk8347/data/crystal_datasets/conditional/priors/qm9_cluster_mols_chunk126.pt
130	127	0	780	10	7800	qm9full_c127_0	15700000000	/scratch/mk8347/data/crystal_datasets/conditional/priors/qm9_cluster_mols_chunk127.pt
131	128	0	780	10	7800	qm9full_c128_0	15800000000	/scratch/mk8347/data/crystal_datasets/conditional/priors/qm9_cluster_mols_chunk128.pt
132	129	0	780	10	7800	qm9full_c129_0	15900000000	/scratch/mk8347/data/crystal_datasets/conditional/priors/qm9_cluster_mols_chunk129.pt
133	130	0	780	10	7800	qm9full_c130_0	16000000000	/scratch/mk8347/data/crystal_datasets/conditional/priors/qm9_cluster_mols_chunk130.pt
134	131	0	780	10	7800	qm9full_c131_0	16100000000	/scratch/mk8347/data/crystal_datasets/conditional/priors/qm9_cluster_mols_chunk131.pt
135	132	0	780	10	7800	qm9full_c132_0	16200000000	/scratch/mk8347/data/crystal_datasets/conditional/priors/qm9_cluster_mols_chunk132.pt
136	133	0	780	10	7800	qm9full_c133_0	16300000000	/scratch/mk8347/data/crystal_datasets/conditional/priors/qm9_cluster_mols_chunk133.pt
137	134	0	780	10	7800	qm9full_c134_0	16400000000	/scratch/mk8347/data/crystal_datasets/conditional/priors/qm9_cluster_mols_chunk134.pt
138	135	0	780	10	7800	qm9full_c135_0	16500000000	/scratch/mk8347/data/crystal_datasets/conditional/priors/qm9_cluster_mols_chunk135.pt
139	136	0	780	10	7800	qm9full_c136_0	16600000000	/scratch/mk8347/data/crystal_datasets/conditional/priors/qm9_cluster_mols_chunk136.pt
140	137	0	780	10	7800	qm9full_c137_0	16700000000	/scratch/mk8347/data/crystal_datasets/conditional/priors/qm9_cluster_mols_chunk137.pt
141	138	0	780	10	7800	qm9full_c138_0	16800000000	/scratch/mk8347/data/crystal_datasets/conditional/priors/qm9_cluster_mols_chunk138.pt
142	139	0	780	10	7800	qm9full_c139_0	16900000000	/scratch/mk8347/data/crystal_datasets/conditional/priors/qm9_cluster_mols_chunk139.pt
143	140	0	780	10	7800	qm9full_c140_0	17000000000	/scratch/mk8347/data/crystal_datasets/conditional/priors/qm9_cluster_mols_chunk140.pt
144	141	0	780	10	7800	qm9full_c141_0	17100000000	/scratch/mk8347/data/crystal_datasets/conditional/priors/qm9_cluster_mols_chunk141.pt
145	142	0	780	10	7800	qm9full_c142_0	17200000000	/scratch/mk8347/data/crystal_datasets/conditional/priors/qm9_cluster_mols_chunk142.pt
146	143	0	780	10	7800	qm9full_c143_0	17300000000	/scratch/mk8347/data/crystal_datasets/conditional/priors/qm9_cluster_mols_chunk143.pt
147	144	0	780	10	7800	qm9full_c144_0	17400000000	/scratch/mk8347/data/crystal_datasets/conditional/priors/qm9_cluster_mols_chunk144.pt
148	145	0	780	10	7800	qm9full_c145_0	17500000000	/scratch/mk8347/data/crystal_datasets/conditional/priors/qm9_cluster_mols_chunk145.pt
149	146	0	780	10	7800	qm9full_c146_0	17600000000	/scratch/mk8347/data/crystal_datasets/conditional/priors/qm9_cluster_mols_chunk146.pt
150	147	0	780	10	7800	qm9full_c147_0	17700000000	/scratch/mk8347/data/crystal_datasets/conditional/priors/qm9_cluster_mols_chunk147.pt
151	148	0	780	10	7800	qm9full_c148_0	17800000000	/scratch/mk8347/data/crystal_datasets/conditional/priors/qm9_cluster_mols_chunk148.pt
152	149	0	780	10	7800	qm9full_c149_0	17900000000	/scratch/mk8347/data/crystal_datasets/conditional/priors/qm9_cluster_mols_chunk149.pt
153	150	0	780	10	7800	qm9full_c150_0	18000000000	/scratch/mk8347/data/crystal_datasets/conditional/priors/qm9_cluster_mols_chunk150.pt
154	151	0	780	10	7800	qm9full_c151_0	18100000000	/scratch/mk8347/data/crystal_datasets/conditional/priors/qm9_cluster_mols_chunk151.pt
155	152	0	780	10	7800	qm9full_c152_0	18200000000	/scratch/mk8347/data/crystal_datasets/conditional/priors/qm9_cluster_mols_chunk152.pt
156	153	0	780	10	7800	qm9full_c153_0	18300000000	/scratch/mk8347/data/crystal_datasets/conditional/priors/qm9_cluster_mols_chunk153.pt
157	154	0	780	10	7800	qm9full_c154_0	18400000000	/scratch/mk8347/data/crystal_datasets/conditional/priors/qm9_cluster_mols_chunk154.pt
158	155	0	780	10	7800	qm9full_c155_0	18500000000	/scratch/mk8347/data/crystal_datasets/conditional/priors/qm9_cluster_mols_chunk155.pt
159	156	0	780	10	7800	qm9full_c156_0	18600000000	/scratch/mk8347/data/crystal_datasets/conditional/priors/qm9_cluster_mols_chunk156.pt
160	157	0	780	10	7800	qm9full_c157_0	18700000000	/scratch/mk8347/data/crystal_datasets/conditional/priors/qm9_cluster_mols_chunk157.pt
161	158	0	780	10	7800	qm9full_c158_0	18800000000	/scratch/mk8347/data/crystal_datasets/conditional/priors/qm9_cluster_mols_chunk158.pt
162	159	0	780	10	7800	qm9full_c159_0	18900000000	/scratch/mk8347/data/crystal_datasets/conditional/priors/qm9_cluster_mols_chunk159.pt
163	160	0	780	10	7800	qm9full_c160_0	19000000000	/scratch/mk8347/data/crystal_datasets/conditional/priors/qm9_cluster_mols_chunk160.pt
164	161	0	780	10	7800	qm9full_c161_0	19100000000	/scratch/mk8347/data/crystal_datasets/conditional/priors/qm9_cluster_mols_chunk161.pt
165	162	0	780	10	7800	qm9full_c162_0	19200000000	/scratch/mk8347/data/crystal_datasets/conditional/priors/qm9_cluster_mols_chunk162.pt
166	163	0	780	10	7800	qm9full_c163_0	19300000000	/scratch/mk8347/data/crystal_datasets/conditional/priors/qm9_cluster_mols_chunk163.pt
167	164	0	780	10	7800	qm9full_c164_0	19400000000	/scratch/mk8347/data/crystal_datasets/conditional/priors/qm9_cluster_mols_chunk164.pt
168	165	0	780	10	7800	qm9full_c165_0	19500000000	/scratch/mk8347/data/crystal_datasets/conditional/priors/qm9_cluster_mols_chunk165.pt
169	166	0	780	10	7800	qm9full_c166_0	19600000000	/scratch/mk8347/data/crystal_datasets/conditional/priors/qm9_cluster_mols_chunk166.pt
170	167	0	780	10	7800	qm9full_c167_0	19700000000	/scratch/mk8347/data/crystal_datasets/conditional/priors/qm9_cluster_mols_chunk167.pt
171	168	0	780	10	7800	qm9full_c168_0	19800000000	/scratch/mk8347/data/crystal_datasets/conditional/priors/qm9_cluster_mols_chunk168.pt
172	169	0	780	10	7800	qm9full_c169_0	19900000000	/scratch/mk8347/data/crystal_datasets/conditional/priors/qm9_cluster_mols_chunk169.pt
173	170	0	780	10	7800	qm9full_c170_0	20000000000	/scratch/mk8347/data/crystal_datasets/conditional/priors/qm9_cluster_mols_chunk170.pt
174	171	0	780	10	7800	qm9full_c171_0	20100000000	/scratch/mk8347/data/crystal_datasets/conditional/priors/qm9_cluster_mols_chunk171.pt
175	172	0	780	10	7800	qm9full_c172_0	20200000000	/scratch/mk8347/data/crystal_datasets/conditional/priors/qm9_cluster_mols_chunk172.pt
176	173	0	780	10	7800	qm9full_c173_0	20300000000	/scratch/mk8347/data/crystal_datasets/conditional/priors/qm9_cluster_mols_chunk173.pt
177	174	0	780	10	7800	qm9full_c174_0	20400000000	/scratch/mk8347/data/crystal_datasets/conditional/priors/qm9_cluster_mols_chunk174.pt
178	175	0	780	10	7800	qm9full_c175_0	20500000000	/scratch/mk8347/data/crystal_datasets/conditional/priors/qm9_cluster_mols_chunk175.pt
179	176	0	780	10	7800	qm9full_c176_0	20600000000	/scratch/mk8347/data/crystal_datasets/conditional/priors/qm9_cluster_mols_chunk176.pt
180	177	0	780	10	7800	qm9full_c177_0	20700000000	/scratch/mk8347/data/crystal_datasets/conditional/priors/qm9_cluster_mols_chunk177.pt
181	178	0	780	10	7800	qm9full_c178_0	20800000000	/scratch/mk8347/data/crystal_datasets/conditional/priors/qm9_cluster_mols_chunk178.pt
182	179	0	780	10	7800	qm9full_c179_0	20900000000	/scratch/mk8347/data/crystal_datasets/conditional/priors/qm9_cluster_mols_chunk179.pt
183	180	0	780	10	7800	qm9full_c180_0	21000000000	/scratch/mk8347/data/crystal_datasets/conditional/priors/qm9_cluster_mols_chunk180.pt
184	181	0	780	10	7800	qm9full_c181_0	21100000000	/scratch/mk8347/data/crystal_datasets/conditional/priors/qm9_cluster_mols_chunk181.pt
185	182	0	780	10	7800	qm9full_c182_0	21200000000	/scratch/mk8347/data/crystal_datasets/conditional/priors/qm9_cluster_mols_chunk182.pt
186	183	0	780	10	7800	qm9full_c183_0	21300000000	/scratch/mk8347/data/crystal_datasets/conditional/priors/qm9_cluster_mols_chunk183.pt
187	184	0	780	10	7800	qm9full_c184_0	21400000000	/scratch/mk8347/data/crystal_datasets/conditional/priors/qm9_cluster_mols_chunk184.pt
188	185	0	780	10	7800	qm9full_c185_0	21500000000	/scratch/mk8347/data/crystal_datasets/conditional/priors/qm9_cluster_mols_chunk185.pt
189	186	0	780	10	7800	qm9full_c186_0	21600000000	/scratch/mk8347/data/crystal_datasets/conditional/priors/qm9_cluster_mols_chunk186.pt
190	187	0	780	10	7800	qm9full_c187_0	21700000000	/scratch/mk8347/data/crystal_datasets/conditional/priors/qm9_cluster_mols_chunk187.pt
191	188	0	780	10	7800	qm9full_c188_0	21800000000	/scratch/mk8347/data/crystal_datasets/conditional/priors/qm9_cluster_mols_chunk188.pt
192	189	0	780	10	7800	qm9full_c189_0	21900000000	/scratch/mk8347/data/crystal_datasets/conditional/priors/qm9_cluster_mols_chunk189.pt
193	190	0	780	10	7800	qm9full_c190_0	22000000000	/scratch/mk8347/data/crystal_datasets/conditional/priors/qm9_cluster_mols_chunk190.pt
194	191	0	780	10	7800	qm9full_c191_0	22100000000	/scratch/mk8347/data/crystal_datasets/conditional/priors/qm9_cluster_mols_chunk191.pt
195	192	0	780	10	7800	qm9full_c192_0	22200000000	/scratch/mk8347/data/crystal_datasets/conditional/priors/qm9_cluster_mols_chunk192.pt
196	193	0	780	10	7800	qm9full_c193_0	22300000000	/scratch/mk8347/data/crystal_datasets/conditional/priors/qm9_cluster_mols_chunk193.pt
197	194	0	780	10	7800	qm9full_c194_0	22400000000	/scratch/mk8347/data/crystal_datasets/conditional/priors/qm9_cluster_mols_chunk194.pt
198	195	0	780	10	7800	qm9full_c195_0	22500000000	/scratch/mk8347/data/crystal_datasets/conditional/priors/qm9_cluster_mols_chunk195.pt
199	196	0	780	10	7800	qm9full_c196_0	22600000000	/scratch/mk8347/data/crystal_datasets/conditional/priors/qm9_cluster_mols_chunk196.pt
200	197	0	780	10	7800	qm9full_c197_0	22700000000	/scratch/mk8347/data/crystal_datasets/conditional/priors/qm9_cluster_mols_chunk197.pt
201	198	0	780	10	7800	qm9full_c198_0	22800000000	/scratch/mk8347/data/crystal_datasets/conditional/priors/qm9_cluster_mols_chunk198.pt
202	199	0	780	10	7800	qm9full_c199_0	22900000000	/scratch/mk8347/data/crystal_datasets/conditional/priors/qm9_cluster_mols_chunk199.pt
203	200	0	780	10	7800	qm9full_c200_0	23000000000	/scratch/mk8347/data/crystal_datasets/conditional/priors/qm9_cluster_mols_chunk200.pt
204	201	0	780	10	7800	qm9full_c201_0	23100000000	/scratch/mk8347/data/crystal_datasets/conditional/priors/qm9_cluster_mols_chunk201.pt
205	202	0	780	10	7800	qm9full_c202_0	23200000000	/scratch/mk8347/data/crystal_datasets/conditional/priors/qm9_cluster_mols_chunk202.pt
206	203	0	780	10	7800	qm9full_c203_0	23300000000	/scratch/mk8347/data/crystal_datasets/conditional/priors/qm9_cluster_mols_chunk203.pt
207	204	0	440	10	4400	qm9full_c204_0	23400000000	/scratch/mk8347/data/crystal_datasets/conditional/priors/qm9_cluster_mols_chunk204.pt
